<manifest alg="2" build="2018.1.0.386" opt="false" iceEnabled="true" iceMarkupVersion="2" iceEnabledOptions="link,responsive,cachebuster,textStyling" exportTarget="other" domain="www.precyt.com.ar" resolutions="1x" timestamp="1657915127767">
  <folder name="css">
    <file name="site_global.css" crc="444006867"/>
    <file name="master_a-p_g_-maestra.css" crc="57445230" ref="nosotros:index:contacto:servicios:clientes"/>
    <file name="master_b-p_g_-maestra.css" crc="4121351449" ref="about-us:welcome:services:clients:contact"/>
    <file name="about-us.css" crc="482608321" ref="about-us"/>
    <file name="iefonts_about-us.css" crc="344344699" ref="about-us"/>
    <file name="nosotros.css" crc="4271757604" ref="nosotros"/>
    <file name="iefonts_nosotros.css" crc="3903094848" ref="nosotros"/>
    <file name="index.css" crc="506097229" ref="index"/>
    <file name="iefonts_index.css" crc="153035206" ref="index"/>
    <file name="contacto.css" crc="200770338" ref="contacto"/>
    <file name="iefonts_contacto.css" crc="3880796674" ref="contacto"/>
    <file name="servicios.css" crc="4111597085" ref="servicios"/>
    <file name="iefonts_servicios.css" crc="3820277776" ref="servicios"/>
    <file name="welcome.css" crc="207365738" ref="welcome"/>
    <file name="iefonts_welcome.css" crc="3943289619" ref="welcome"/>
    <file name="services.css" crc="448950837" ref="services"/>
    <file name="iefonts_services.css" crc="515449286" ref="services"/>
    <file name="clients.css" crc="3760339238" ref="clients"/>
    <file name="iefonts_clients.css" crc="3888478162" ref="clients"/>
    <file name="clientes.css" crc="4107007488" ref="clientes"/>
    <file name="iefonts_clientes.css" crc="4054545967" ref="clientes"/>
    <file name="contact.css" crc="4127970509" ref="contact"/>
    <file name="iefonts_contact.css" crc="4231816348" ref="contact"/>
  </folder>
  <folder name="scripts">
    <file name="jquery-1.8.3.min.js" crc="209076791" ref="phone>index:phone>welcome:phone>quienes-somos:phone>servicios:phone>clientes:phone>contacto:phone>about-us:phone>service:phone>clients:phone>contact:index:welcome:nosotros:servicios:clientes:contacto:about-us:services:clients:contact"/>
    <file name="museutils.js" crc="340535759" ref="phone>index:phone>welcome:phone>quienes-somos:phone>servicios:phone>clientes:phone>contacto:phone>about-us:phone>service:phone>clients:phone>contact:index:welcome:nosotros:servicios:clientes:contacto:about-us:services:clients:contact"/>
    <file name="whatinput.js" crc="86476730" ref="phone>index:phone>welcome:phone>quienes-somos:phone>servicios:phone>clientes:phone>contacto:phone>about-us:phone>service:phone>clients:phone>contact:index:welcome:nosotros:servicios:clientes:contacto:about-us:services:clients:contact"/>
    <file name="museconfig.js" crc="4286661555" ref="phone>index:phone>welcome:phone>quienes-somos:phone>servicios:phone>clientes:phone>contacto:phone>about-us:phone>service:phone>clients:phone>contact:index:welcome:nosotros:servicios:clientes:contacto:about-us:services:clients:contact"/>
    <file name="webpro.js" crc="4059564322" ref="phone>index:phone>welcome:phone>quienes-somos:phone>servicios:phone>clientes:phone>contacto:phone>about-us:phone>service:phone>clients:phone>contact:index:welcome:nosotros:servicios:clientes:contacto:about-us:services:clients:contact"/>
    <file name="musewpslideshow.js" crc="3862962738" ref="phone>index:phone>welcome:phone>servicios:phone>clientes:phone>service:phone>clients:index:welcome:nosotros:servicios:clientes:contacto:about-us:services:clients:contact"/>
    <file name="jquery.museoverlay.js" crc="4147669564" ref="phone>index:phone>welcome:phone>servicios:phone>clientes:phone>service:phone>clients:index:welcome:nosotros:servicios:clientes:contacto:about-us:services:clients:contact"/>
    <file name="touchswipe.js" crc="4075097462" ref="phone>index:phone>welcome:phone>servicios:phone>clientes:phone>service:phone>clients:index:welcome:nosotros:servicios:clientes:contacto:about-us:services:clients:contact"/>
    <file name="musewpdisclosure.js" crc="3883500470" ref="phone>index:phone>welcome:phone>quienes-somos:phone>servicios:phone>clientes:phone>contacto:phone>about-us:phone>service:phone>clients:phone>contact"/>
    <file name="jquery.watch.js" crc="51536988" ref="phone>index:phone>welcome:phone>quienes-somos:phone>servicios:phone>clientes:phone>contacto:phone>about-us:phone>service:phone>clients:phone>contact:index:welcome:nosotros:servicios:clientes:contacto:about-us:services:clients:contact"/>
    <file name="require.js" crc="7928878" ref="phone>index:phone>welcome:phone>quienes-somos:phone>servicios:phone>clientes:phone>contacto:phone>about-us:phone>service:phone>clients:phone>contact:index:welcome:nosotros:servicios:clientes:contacto:about-us:services:clients:contact"/>
    <file name="jquery.musepolyfill.bgsize.js" crc="4260645839" ref="phone>quienes-somos:phone>servicios:phone>about-us:phone>service:index:welcome:nosotros:servicios:clientes:contacto:about-us:services:clients:contact"/>
    <file name="jquery.scrolleffects.js" crc="39568856" ref="phone>quienes-somos:phone>servicios:phone>about-us:phone>service:nosotros:servicios:about-us:services"/>
    <file name="form_check.php" crc="4020933626" ref="phone>contacto"/>
    <file name="form_throttle.php" crc="4259590256" ref="phone>contacto"/>
    <file name="form_process.php" crc="37464564" ref="phone>contacto"/>
    <file name="form-u2432.php" crc="133142497" ref="phone>contacto"/>
    <file name="form-u6802.php" crc="272385889" ref="phone>contact"/>
    <file name="form-u3538.php" crc="4094526251" ref="index"/>
    <file name="form-u7095.php" crc="386804079" ref="welcome"/>
    <file name="form-u3474.php" crc="3770103505" ref="contacto"/>
    <file name="form-u5378.php" crc="4025938346" ref="contact"/>
  </folder>
  <folder name="images">
    <file name="a-pág.-maestra-favicon.ico" crc="4247482091" ref="phone>index"/>
    <file name="portada hys.jpg" crc="419371657" seo="true" ref="phone>index:phone>welcome:index:welcome">
      <caption webpage="index" alt=""/>
      <caption webpage="index" alt=""/>
      <caption webpage="welcome" alt=""/>
      <caption webpage="welcome" alt=""/>
    </file>
    <file name="blank.gif" crc="4208392903" ref="phone>index:phone>welcome:phone>servicios:phone>clientes:phone>service:phone>clients:index:welcome:servicios:clientes:services:clients"/>
    <file name="foto1 home.jpg" crc="4132559470" seo="true" ref="phone>index:phone>welcome:index:welcome">
      <caption webpage="index" alt=""/>
      <caption webpage="index" alt=""/>
      <caption webpage="welcome" alt=""/>
      <caption webpage="welcome" alt=""/>
    </file>
    <file name="fondo mineria home phone.jpg" crc="4264244322" seo="true" ref="phone>index:phone>welcome">
      <caption webpage="index" alt=""/>
      <caption webpage="welcome" alt=""/>
    </file>
    <file name="loading.gif" crc="3815509949" ref="phone>index:phone>welcome:phone>servicios:phone>clientes:phone>service:phone>clients:index:welcome:servicios:clientes:services:clients"/>
    <file name="subportada.png" crc="380877509" seo="true" ref="phone>index:phone>welcome:index:welcome">
      <caption webpage="index" alt=""/>
      <caption webpage="index" alt=""/>
      <caption webpage="welcome" alt=""/>
      <caption webpage="welcome" alt=""/>
    </file>
    <file name="menuhamburguesa.png" crc="3998251337" ref="phone>index:phone>welcome">
      <caption webpage="index" alt=""/>
      <caption webpage="welcome" alt=""/>
    </file>
    <file name="menuhamburguesa-u6415-3-r-fr.png" crc="4235009109" ref="phone>index:phone>welcome"/>
    <file name="boton cerrar.png" crc="4102610784" ref="phone>index:phone>welcome">
      <caption webpage="index" alt=""/>
      <caption webpage="welcome" alt=""/>
    </file>
    <file name="logo home.png" crc="4284456840" seo="true" ref="phone>index:phone>welcome:phone>quienes-somos:phone>servicios:phone>clientes:phone>contacto:phone>about-us:phone>service:phone>clients:phone>contact:index:welcome:nosotros:servicios:clientes:contacto:about-us:services:clients:contact">
      <caption webpage="clientes" alt=""/>
      <caption webpage="clientes" alt=""/>
      <caption webpage="clientes" alt=""/>
      <caption webpage="contacto" alt=""/>
      <caption webpage="contacto" alt=""/>
      <caption webpage="contacto" alt=""/>
      <caption webpage="welcome" alt=""/>
      <caption webpage="welcome" alt=""/>
      <caption webpage="welcome" alt=""/>
      <caption webpage="nosotros" alt=""/>
      <caption webpage="nosotros" alt=""/>
      <caption webpage="services" alt=""/>
      <caption webpage="services" alt=""/>
      <caption webpage="index" alt=""/>
      <caption webpage="index" alt=""/>
      <caption webpage="index" alt=""/>
      <caption webpage="contact" alt=""/>
      <caption webpage="contact" alt=""/>
      <caption webpage="contact" alt=""/>
      <caption webpage="quienes-somos" alt=""/>
      <caption webpage="servicios" alt=""/>
      <caption webpage="servicios" alt=""/>
      <caption webpage="servicios" alt=""/>
      <caption webpage="service" alt=""/>
      <caption webpage="about-us" alt=""/>
      <caption webpage="about-us" alt=""/>
      <caption webpage="about-us" alt=""/>
      <caption webpage="clients" alt=""/>
      <caption webpage="clients" alt=""/>
      <caption webpage="clients" alt=""/>
    </file>
    <file name="fondo mv.jpg" crc="3954252412" ref="phone>quienes-somos:phone>about-us:nosotros:about-us">
      <caption webpage="quienes-somos" alt=""/>
    </file>
    <file name="male-worker-with-bulldozer-in-sand-quarry (1).jpg" crc="222951379" ref="phone>servicios:phone>service">
      <caption webpage="servicios" alt=""/>
      <caption webpage="service" alt=""/>
    </file>
    <file name="fondo construccion.jpg" crc="115659671" ref="phone>servicios:phone>service:servicios:services">
      <caption webpage="servicios" alt=""/>
    </file>
    <file name="fondo comercio.jpg" crc="29228343" ref="phone>servicios:phone>service:servicios:services">
      <caption webpage="servicios" alt=""/>
    </file>
    <file name="fondo mediciones.jpg" crc="149818734" ref="phone>servicios:phone>service:servicios:services">
      <caption webpage="servicios" alt=""/>
    </file>
    <file name="fondo postventa-u4420-fr.jpg" crc="4013719494" ref="phone>servicios"/>
    <file name="foto 1343x233.jpg" crc="371007978" seo="true" ref="phone>servicios">
      <caption webpage="servicios" alt=""/>
    </file>
    <file name="foto 2343x233.jpg" crc="250231967" seo="true" ref="phone>servicios">
      <caption webpage="servicios" alt=""/>
    </file>
    <file name="foto 3343x233.jpg" crc="4040044003" seo="true" ref="phone>servicios">
      <caption webpage="servicios" alt=""/>
    </file>
    <file name="foto 4343x233.jpg" crc="4049266306" seo="true" ref="phone>servicios">
      <caption webpage="servicios" alt=""/>
    </file>
    <file name="foto 5343x233.jpg" crc="71028985" seo="true" ref="phone>servicios">
      <caption webpage="servicios" alt=""/>
    </file>
    <file name="foto 6343x233.jpg" crc="35916855" seo="true" ref="phone>servicios">
      <caption webpage="servicios" alt=""/>
    </file>
    <file name="foto 1.jpg" crc="4166462780" seo="true" ref="phone>servicios:phone>service:servicios:services">
      <caption webpage="servicios" alt=""/>
      <caption webpage="servicios" alt=""/>
      <caption webpage="service" alt=""/>
      <caption webpage="services" alt=""/>
    </file>
    <file name="foto 2.jpg" crc="393371133" seo="true" ref="phone>servicios:phone>service:servicios:services">
      <caption webpage="servicios" alt=""/>
      <caption webpage="servicios" alt=""/>
      <caption webpage="service" alt=""/>
      <caption webpage="services" alt=""/>
    </file>
    <file name="foto 3.jpg" crc="3820595997" seo="true" ref="phone>servicios:phone>service:servicios:services">
      <caption webpage="servicios" alt=""/>
      <caption webpage="servicios" alt=""/>
      <caption webpage="service" alt=""/>
      <caption webpage="services" alt=""/>
    </file>
    <file name="foto 4.jpg" crc="4250739940" seo="true" ref="phone>servicios:phone>service:servicios:services">
      <caption webpage="servicios" alt=""/>
      <caption webpage="servicios" alt=""/>
      <caption webpage="service" alt=""/>
      <caption webpage="services" alt=""/>
    </file>
    <file name="foto 5.jpg" crc="4196457816" seo="true" ref="phone>servicios:phone>service:servicios:services">
      <caption webpage="servicios" alt=""/>
      <caption webpage="servicios" alt=""/>
      <caption webpage="service" alt=""/>
      <caption webpage="services" alt=""/>
    </file>
    <file name="foto 6.jpg" crc="3815441720" seo="true" ref="phone>servicios:phone>service:servicios:services">
      <caption webpage="servicios" alt=""/>
      <caption webpage="servicios" alt=""/>
      <caption webpage="service" alt=""/>
      <caption webpage="services" alt=""/>
    </file>
    <file name="slider clientes phone 1.jpg" crc="60950574" seo="true" ref="phone>clientes:phone>clients">
      <caption webpage="clientes" alt=""/>
      <caption webpage="clients" alt=""/>
    </file>
    <file name="slider clientes phone 2.jpg" crc="4116253631" seo="true" ref="phone>clientes:phone>clients">
      <caption webpage="clientes" alt=""/>
      <caption webpage="clients" alt=""/>
    </file>
    <file name="slider clientes phone 3.jpg" crc="4154128610" seo="true" ref="phone>clientes:phone>clients">
      <caption webpage="clientes" alt=""/>
      <caption webpage="clients" alt=""/>
    </file>
    <file name="slider clientes phone 4.jpg" crc="30180670" seo="true" ref="phone>clientes:phone>clients">
      <caption webpage="clientes" alt=""/>
      <caption webpage="clients" alt=""/>
    </file>
    <file name="slider clientes phone 5.jpg" crc="4188824200" seo="true" ref="phone>clientes:phone>clients">
      <caption webpage="clientes" alt=""/>
      <caption webpage="clients" alt=""/>
    </file>
    <file name="logos brindamos servicios.jpg" crc="4062616009" seo="true" ref="phone>clientes:phone>clients:clientes:clients">
      <caption webpage="clientes" alt=""/>
      <caption webpage="clientes" alt=""/>
      <caption webpage="clients" alt=""/>
      <caption webpage="clients" alt=""/>
    </file>
    <file name="icono ubicacion.png" crc="4168735472" seo="true" ref="phone>contacto:phone>contact:index:welcome:nosotros:servicios:clientes:contacto:about-us:services:clients:contact">
      <caption webpage="clientes" alt=""/>
      <caption webpage="contact" alt=""/>
      <caption webpage="contact" alt=""/>
      <caption webpage="contact" alt=""/>
      <caption webpage="welcome" alt=""/>
      <caption webpage="nosotros" alt=""/>
      <caption webpage="services" alt=""/>
      <caption webpage="index" alt=""/>
      <caption webpage="contacto" alt=""/>
      <caption webpage="contacto" alt=""/>
      <caption webpage="contacto" alt=""/>
      <caption webpage="servicios" alt=""/>
      <caption webpage="about-us" alt=""/>
      <caption webpage="clients" alt=""/>
    </file>
    <file name="icono celular.png" crc="3935526299" seo="true" ref="phone>contacto:phone>contact:index:welcome:nosotros:servicios:clientes:contacto:about-us:services:clients:contact">
      <caption webpage="clientes" alt=""/>
      <caption webpage="contact" alt=""/>
      <caption webpage="contact" alt=""/>
      <caption webpage="contact" alt=""/>
      <caption webpage="welcome" alt=""/>
      <caption webpage="nosotros" alt=""/>
      <caption webpage="services" alt=""/>
      <caption webpage="index" alt=""/>
      <caption webpage="contacto" alt=""/>
      <caption webpage="contacto" alt=""/>
      <caption webpage="contacto" alt=""/>
      <caption webpage="servicios" alt=""/>
      <caption webpage="about-us" alt=""/>
      <caption webpage="clients" alt=""/>
    </file>
    <file name="icono mail.png" crc="518039278" seo="true" ref="phone>contacto:phone>contact:index:welcome:nosotros:servicios:clientes:contacto:about-us:services:clients:contact">
      <caption webpage="clientes" alt=""/>
      <caption webpage="contact" alt=""/>
      <caption webpage="contact" alt=""/>
      <caption webpage="contact" alt=""/>
      <caption webpage="welcome" alt=""/>
      <caption webpage="nosotros" alt=""/>
      <caption webpage="services" alt=""/>
      <caption webpage="index" alt=""/>
      <caption webpage="contacto" alt=""/>
      <caption webpage="contacto" alt=""/>
      <caption webpage="contacto" alt=""/>
      <caption webpage="servicios" alt=""/>
      <caption webpage="about-us" alt=""/>
      <caption webpage="clients" alt=""/>
    </file>
    <file name="fondo postventa-u5677-fr.jpg" crc="4056906677" ref="phone>service"/>
    <file name="fondo mineria home.jpg" crc="3759860237" seo="true" ref="index:welcome">
      <caption webpage="index" alt=""/>
      <caption webpage="welcome" alt=""/>
    </file>
    <file name="boton mineria.jpg" crc="234984886" ref="index:welcome">
      <caption webpage="index" alt="SERVICIOS EN MINERÍA"/>
    </file>
    <file name="boton mineria-u3735-6-m-fr.png" crc="4024323412" ref="index:welcome"/>
    <file name="boton construccion.jpg" crc="388753744" ref="index:welcome">
      <caption webpage="index" alt="SERVICIOS EN CONSTRUCCIÓN"/>
    </file>
    <file name="boton construccion-u6963-6-m-fr.png" crc="1384001" ref="index:welcome"/>
    <file name="boton comercio.jpg" crc="327648891" ref="index:welcome">
      <caption webpage="index" alt="SERVICIOS PARA COMERCIOS"/>
    </file>
    <file name="boton comercio-u6966-6-m-fr.png" crc="3958571774" ref="index:welcome"/>
    <file name="sombrahome.png" crc="379103350" ref="index:welcome">
      <caption webpage="index" alt=""/>
      <caption webpage="welcome" alt=""/>
    </file>
    <file name="b-pág.-maestra-favicon.ico" crc="3936868373" ref="welcome"/>
    <file name="portada nosotros.jpg" crc="3777301986" ref="nosotros:about-us">
      <caption webpage="nosotros" alt=""/>
    </file>
    <file name="portada servicios.jpg" crc="300198928" ref="servicios:services">
      <caption webpage="servicios" alt=""/>
    </file>
    <file name="fondo mineria.jpg" crc="4030344571" ref="servicios:services">
      <caption webpage="servicios" alt=""/>
    </file>
    <file name="fondo postventa.jpg" crc="312765162" ref="servicios:services">
      <caption webpage="servicios" alt=""/>
    </file>
    <file name="two-confident-business-man-shaking-hands-during-meeting-in-the-office-success-dealing-greeting-and-partner-concept.jpg" crc="4069956905" ref="servicios:services">
      <caption webpage="servicios" alt=""/>
      <caption webpage="services" alt=""/>
    </file>
    <file name="foto 1298x202.jpg" crc="360380598" seo="true" ref="servicios">
      <caption webpage="servicios" alt=""/>
    </file>
    <file name="foto 4298x202.jpg" crc="159839157" seo="true" ref="servicios">
      <caption webpage="servicios" alt=""/>
    </file>
    <file name="foto 2298x202.jpg" crc="20167175" seo="true" ref="servicios">
      <caption webpage="servicios" alt=""/>
    </file>
    <file name="foto 5298x202.jpg" crc="511068872" seo="true" ref="servicios">
      <caption webpage="servicios" alt=""/>
    </file>
    <file name="foto 3298x202.jpg" crc="4010875063" seo="true" ref="servicios">
      <caption webpage="servicios" alt=""/>
    </file>
    <file name="foto 6298x202.jpg" crc="4216861475" seo="true" ref="servicios">
      <caption webpage="servicios" alt=""/>
    </file>
    <file name="portada contacto.jpg" crc="214115815" ref="clientes:clients">
      <caption webpage="clientes" alt=""/>
    </file>
    <file name="slider clientes 1.jpg" crc="38288105" seo="true" ref="clientes:clients">
      <caption webpage="clientes" alt=""/>
      <caption webpage="clients" alt=""/>
    </file>
    <file name="slider clientes 2.jpg" crc="265861338" seo="true" ref="clientes:clients">
      <caption webpage="clientes" alt=""/>
      <caption webpage="clients" alt=""/>
    </file>
    <file name="slider clientes 3.jpg" crc="470936724" seo="true" ref="clientes:clients">
      <caption webpage="clientes" alt=""/>
      <caption webpage="clients" alt=""/>
    </file>
    <file name="slider clientes 4.jpg" crc="4206634747" seo="true" ref="clientes:clients">
      <caption webpage="clientes" alt=""/>
      <caption webpage="clients" alt=""/>
    </file>
    <file name="slider clientes 5.jpg" crc="17625588" seo="true" ref="clientes:clients">
      <caption webpage="clientes" alt=""/>
      <caption webpage="clients" alt=""/>
    </file>
    <file name="slider clientes 6.jpg" crc="4100528870" seo="true" ref="clientes:clients">
      <caption webpage="clientes" alt=""/>
      <caption webpage="clients" alt=""/>
    </file>
    <file name="portada contacto 2.jpg" crc="4280955376" ref="contacto:contact">
      <caption webpage="contacto" alt=""/>
    </file>
  </folder>
  <folder name="phone">
    <folder name="css">
      <file name="master_a-p_g_-maestra.css" crc="504253354" ref="phone>servicios:phone>index:phone>contacto:phone>clientes:phone>quienes-somos"/>
      <file name="master_b-p_g_-maestra.css" crc="155411954" ref="phone>contact:phone>clients:phone>about-us:phone>service:phone>welcome"/>
      <file name="servicios.css" crc="4153051452" ref="phone>servicios"/>
      <file name="iefonts_servicios.css" crc="253186686" ref="phone>servicios"/>
      <file name="index.css" crc="4094271547" ref="phone>index"/>
      <file name="iefonts_index.css" crc="4108065009" ref="phone>index"/>
      <file name="contacto.css" crc="3861993492" ref="phone>contacto"/>
      <file name="iefonts_contacto.css" crc="311696224" ref="phone>contacto"/>
      <file name="contact.css" crc="510671385" ref="phone>contact"/>
      <file name="iefonts_contact.css" crc="239488687" ref="phone>contact"/>
      <file name="clientes.css" crc="4157311032" ref="phone>clientes"/>
      <file name="iefonts_clientes.css" crc="455550903" ref="phone>clientes"/>
      <file name="clients.css" crc="4071679025" ref="phone>clients"/>
      <file name="iefonts_clients.css" crc="4108949311" ref="phone>clients"/>
      <file name="quienes-somos.css" crc="3830074793" ref="phone>quienes-somos"/>
      <file name="iefonts_quienes-somos.css" crc="504178334" ref="phone>quienes-somos"/>
      <file name="about-us.css" crc="211642165" ref="phone>about-us"/>
      <file name="iefonts_about-us.css" crc="374559044" ref="phone>about-us"/>
      <file name="service.css" crc="45485365" ref="phone>service"/>
      <file name="iefonts_service.css" crc="4262210274" ref="phone>service"/>
      <file name="welcome.css" crc="273547307" ref="phone>welcome"/>
      <file name="iefonts_welcome.css" crc="3828467434" ref="phone>welcome"/>
    </folder>
    <file name="index.html" crc="3983138295" seo="true" mt="1645564511701" redirect="true"/>
    <file name="welcome.html" crc="59027017" seo="true" mt="1644364696496" redirect="true"/>
    <file name="quienes-somos.html" crc="4025383261" seo="true" mt="1644364683588" redirect="true"/>
    <file name="servicios.html" crc="3958498244" seo="true" mt="1645564582145" redirect="true"/>
    <file name="clientes.html" crc="4279720562" seo="true" mt="1650894860624" redirect="true"/>
    <file name="contacto.html" crc="3923967941" seo="true" mt="1657915024434" redirect="true"/>
    <file name="about-us.html" crc="184563773" seo="true" mt="1644364696496" redirect="true"/>
    <file name="service.html" crc="165326637" seo="true" mt="1645564120097" redirect="true"/>
    <file name="clients.html" crc="236229292" seo="true" mt="1650894818781" redirect="true"/>
    <file name="contact.html" crc="322050368" seo="true" mt="1657911149016" redirect="true"/>
  </folder>
  <file name="index.html" crc="360088510" seo="true" mt="1645562968491" redirect="true"/>
  <file name="welcome.html" crc="141205166" seo="true" mt="1657811739496" redirect="true"/>
  <file name="nosotros.html" crc="3832703793" seo="true" mt="1645562968491" redirect="true"/>
  <file name="servicios.html" crc="137688780" seo="true" mt="1645564120355" redirect="true"/>
  <file name="clientes.html" crc="31875629" seo="true" mt="1650894003216" redirect="true"/>
  <file name="contacto.html" crc="4078986289" seo="true" mt="1657811545047" redirect="true"/>
  <file name="about-us.html" crc="47683936" seo="true" mt="1657811739496" redirect="true"/>
  <file name="services.html" crc="105407648" seo="true" mt="1657811739496" redirect="true"/>
  <file name="clients.html" crc="269798247" seo="true" mt="1657811739496" redirect="true"/>
  <file name="contact.html" crc="3796389044" seo="true" mt="1657811739496" redirect="true"/>
</manifest>